start_tx,depth,btc_tx,vout,btc_address,amount_sats,btc_amount,unit_protocol_address,hl_account,unit_state,confidence
4695e2121fa84fd1d7ca41a8f481774bdf383e231cf290f56c6ac734bc018a83,1,ebb6937748556340c229c7c2b3679177cac68dc7d8b767e62eb33ebf5e0d5b9a,0,bc1qes26r33t7m5d2tan4rc0tlg68q0sr7llt675rf,500000000,5.00000000,bc1ptzzzkffd9st49ay6hqypltws6hhvzxanp0s5668v0utg3u5p4pjsu6xg3n,0xf076231F290A4Ab2c90FBce3995fc3087C1932E1,done,confirmed
4695e2121fa84fd1d7ca41a8f481774bdf383e231cf290f56c6ac734bc018a83,2,e4a40da0cc4d71cc178d6c9ccf0d337a8b0693ea99c413f3aa2b8e7fe8df95fd,0,bc1qes26r33t7m5d2tan4rc0tlg68q0sr7llt675rf,500000000,5.00000000,bc1pf5utglez3meutlqry4eydy5mtfmlr2xcmj2vxeze28wj2xuzzsdspztxhs,0x7A7dB12997D15cB357d7898781a3C6Ec13143031,done,confirmed
4695e2121fa84fd1d7ca41a8f481774bdf383e231cf290f56c6ac734bc018a83,2,e9b75f0e25d4deb57c4d03fe19c39fbd5d0b8d61590511d0643b8214cc1cad64,0,bc1qvwj46zsugkdc73rcktppf9l9m7vltmearfudeh,500000000,5.00000000,bc1pkc2juys6w9phem4pl3dm4cjhsh53ple46dj24qun80uqd6fgcqus4vs6c4,0x4505980F137d02F1F69290982e24398995da72B0,done,confirmed
4695e2121fa84fd1d7ca41a8f481774bdf383e231cf290f56c6ac734bc018a83,3,033554f8332ff9471733fb45aec704d67dcd9151453945536ce83a49161b8108,0,bc1qes26r33t7m5d2tan4rc0tlg68q0sr7llt675rf,500000000,5.00000000,bc1pxd0qgjsnnjzyxvz5cnlj73gjsxpey5azs4afww8p3nknrm0qpz5spuqe6a,0x7FEeEaBc183Eb06b1B2E5835Ca464E41E7d128d1,done,confirmed
4695e2121fa84fd1d7ca41a8f481774bdf383e231cf290f56c6ac734bc018a83,3,618cd5daaafd41b2fcdff35860cdf72e3393842c1a69f1515f0e4dd827cf0b52,0,bc1qvwj46zsugkdc73rcktppf9l9m7vltmearfudeh,500000000,5.00000000,bc1p4w7fql785hrmlsnur53teuucw0mtqrkrzved7lm80ks4tulxck2smup2pz,0xf6e3DAd8978346DE10Fd6764224C7f7550eC3043,done,confirmed
4695e2121fa84fd1d7ca41a8f481774bdf383e231cf290f56c6ac734bc018a83,3,3f76c24cbde91c2298aa62b2a64591c4acabe5fbd8a6bf40f697de7cc74ddf45,0,bc1qvwj46zsugkdc73rcktppf9l9m7vltmearfudeh,500000000,5.00000000,bc1phs6ruxta7qv3f0ttp8sf6p375naqz98fgda6jse5z3pt92rw5etsg9clwa,0xeF3FBFa68AC8D56031dAb12F48aCF9FE07B4c261,done,confirmed
4695e2121fa84fd1d7ca41a8f481774bdf383e231cf290f56c6ac734bc018a83,4,9bc9ed31c4964fe12bd30fe00a67325cddb576bc9c3cff58b5c8bccef99af3c7,0,bc1qes26r33t7m5d2tan4rc0tlg68q0sr7llt675rf,500000000,5.00000000,bc1p7wrv49p9acufx7yv5x9258ve07wna4zad02gtkutmvjejxmq2mlqxq8wh0,0xC5Ec7bf2A8C908f87A9cB18CeC4366670a8c724c,done,confirmed
4695e2121fa84fd1d7ca41a8f481774bdf383e231cf290f56c6ac734bc018a83,4,afee56196d18c9d1af620e51122aa38d62acd349906350eb560ea7ed75896af8,0,bc1qvwj46zsugkdc73rcktppf9l9m7vltmearfudeh,500000000,5.00000000,bc1pmhxu03e7evcu56cegwf599g8yf726g763uy4ssh0tagg2hnrp59s4z9zkr,0xDe111DdD4576E32A620AF65bF53E933413130225,done,confirmed
4695e2121fa84fd1d7ca41a8f481774bdf383e231cf290f56c6ac734bc018a83,4,1f1c2bbcce92e37749c445bfd2a1d2e8c69cee8a4d7c5240049353b058412972,0,bc1qdma2gxljejfwz328vrtst5qkjyklcfnnekh5rx,500000000,5.00000000,bc1plygmucvge9rmx7dkrjxqdfrfqczeuarpzwmx6r4tqqjxu9ununysrad46j,0x516e5E521075ee7BeEbDe1ede860b25afadaB64b,done,confirmed
4695e2121fa84fd1d7ca41a8f481774bdf383e231cf290f56c6ac734bc018a83,4,86d81668be56f9583dded8aec5f624da8e093c5bcc7ee2586d97f69cc2fdf4b5,0,bc1qvwj46zsugkdc73rcktppf9l9m7vltmearfudeh,500000000,5.00000000,bc1pdk2zjrsd0zx4fd8y3grykwszch5fczsnh2k6f40ce9pld5fctpcqq8s8uf,0x4C1d34452Af46a88B29f4dc48bd81C43a03D4131,done,confirmed
4695e2121fa84fd1d7ca41a8f481774bdf383e231cf290f56c6ac734bc018a83,5,43df7694afb3331275ce57a3d499658a474fff28a3f005d9cac850615229c386,0,bc1qes26r33t7m5d2tan4rc0tlg68q0sr7llt675rf,500000000,5.00000000,bc1p9pvj4hhsg8qhwz8rs8mxmzslzm7e03ujrd673zdmrhd3hkrukddqrdwu26,0x68F79eC571420e307d09A52D138A3004DD509674,done,confirmed
4695e2121fa84fd1d7ca41a8f481774bdf383e231cf290f56c6ac734bc018a83,5,3dd05244755072b05351a38ea836ee43d5f19d7e4ded40717feff80f0c4d33ae,0,bc1qvwj46zsugkdc73rcktppf9l9m7vltmearfudeh,500000000,5.00000000,bc1p9mj8thgq7d36zqvlzj6rsk98gf75npe9vs368ef9ucqsfeqkm04qjwf4fh,0x606f9b0BF8fd96C9682827d60728496c1aB02Aab,done,estimated
4695e2121fa84fd1d7ca41a8f481774bdf383e231cf290f56c6ac734bc018a83,5,472e1d76734509741fa349a64491e0cc994c95e146dc4388b0027f090e44561a,0,bc1qe6alnhfkr4c9dretsdxharcslca72u9509clmf,500000000,5.00000000,bc1pnej2ufuw6s7nnt62wwnmwfr8gzqg224ez39dngx4jtmplykkh0eqa958zj,0x37b7719778e8BEE1d34117d8F88180b730e418Bb,done,confirmed
4695e2121fa84fd1d7ca41a8f481774bdf383e231cf290f56c6ac734bc018a83,5,d2cab9aa6aa4feee4e52db62d1ed462052967d488c5d0795ccdfe08e5cd4c025,0,bc1qdma2gxljejfwz328vrtst5qkjyklcfnnekh5rx,500000000,5.00000000,bc1puq5pcje6rnqs66yzswem8cmtnq5wucxy5cjccdry3x053mq9r3mqj6hwnl,0xcB32B2FeaB5894C4F371c4371cEE5E0811bEF171,done,confirmed
4695e2121fa84fd1d7ca41a8f481774bdf383e231cf290f56c6ac734bc018a83,5,9ceed85d2cb8745d4fbf7fe6f3d94879654b52af070b34cb3ecf140286d1f1d2,0,bc1qvwj46zsugkdc73rcktppf9l9m7vltmearfudeh,500000000,5.00000000,bc1ps7meuaswzega058v4z0dal5gwcl336pv4ewfmaseh8vsckc4s3gss4gnut,0x9FCd943AF4DF1a42ECfDA8d757434c0Ec753Bd4e,done,confirmed
4695e2121fa84fd1d7ca41a8f481774bdf383e231cf290f56c6ac734bc018a83,6,7a8b75339e92a254caf181884875c9b76d763bcda25795ba9159e25d5d14b123,0,bc1qes26r33t7m5d2tan4rc0tlg68q0sr7llt675rf,499997500,4.99997500,bc1ph2550lszkajy8dfc2g77qvmj9s03xyetu8qwvuypy5cglz3dd2esvrwe4d,0xC18d9Dea73f7D8E8D4F9a5fAD69849F7319C3553,done,confirmed
4695e2121fa84fd1d7ca41a8f481774bdf383e231cf290f56c6ac734bc018a83,6,492dca7b328bff14bc839b0c0994f0616f9301facabcffcfd8ebc9f73f5d6ea7,0,bc1qvwj46zsugkdc73rcktppf9l9m7vltmearfudeh,499995600,4.99995600,bc1pwlywgqgwuk8wu56jz2tf6trxtx28dka88kwk4s9vwjgx9vpls2tqyw4zm0,0x6Bc78e8288E790C970e567Ac366c6f34F1D1a530,done,estimated
4695e2121fa84fd1d7ca41a8f481774bdf383e231cf290f56c6ac734bc018a83,6,2736ff5159f3512e375037ae03dddd05e2d8090516b42c4ac86199308e38c229,0,bc1qe6alnhfkr4c9dretsdxharcslca72u9509clmf,500000000,5.00000000,bc1p858wye4dg5tjknu66jmwh0p39thkgkpkhzp0z5j2fj0xzepzcjrs98h5kt,0x95D7E646579b6ADCA3188F8f58f68b6b93ae5081,done,confirmed
4695e2121fa84fd1d7ca41a8f481774bdf383e231cf290f56c6ac734bc018a83,6,e8d7d9838676b9c4b45dabc77510a4b9f5e9a2265ef838c470671ff7122b2a80,0,bc1qwmvqj6gauj45c8n744qddhdgqedgzqju9jgsta,500000000,5.00000000,bc1pemg07a3as9hewgeya3kq9mqx4h0dqx0zwtagdtknv9kdtdhqf2dsvhpr9c,0x1cFB731d7E773663B0c121013d1826459e3F4D0E,done,confirmed
4695e2121fa84fd1d7ca41a8f481774bdf383e231cf290f56c6ac734bc018a83,6,c4301d5d8cf67ebd6a22b0df7e7228b7b4d79c43846ace238d774ba6e69ff3b7,0,bc1qdma2gxljejfwz328vrtst5qkjyklcfnnekh5rx,500000000,5.00000000,bc1p7eww9xyl7lt02hj43ruqjel2apcqqj4v43fxy06sjvq8n7u0jjuqs0a0mn,0xdD2BA6F69d8D469EF08aEB9518cda965aCFD0fE7,done,confirmed
4695e2121fa84fd1d7ca41a8f481774bdf383e231cf290f56c6ac734bc018a83,6,de8808fe42cb2be3b92b2a12d58de9c2d8fb742db02eaff118f6ffc1c7f62366,0,bc1qvwj46zsugkdc73rcktppf9l9m7vltmearfudeh,500000000,5.00000000,bc1pua2yg49uy5d4hm3ffse2lf0fp6vdsvqsy43j6wpy9zajw649kyuqx54y20,0xf0e1524d0086507E18A4EaeCe84474932ca2D998,done,confirmed
4695e2121fa84fd1d7ca41a8f481774bdf383e231cf290f56c6ac734bc018a83,7,c619fac929728cf964d50e527f10c521e848c0299c3b803323cff231842c7cbd,0,bc1qe6alnhfkr4c9dretsdxharcslca72u9509clmf,500000000,5.00000000,bc1pp27hn60qw3kydvz8s5rh8stlkvq4298qe9e309zqsgga0znx5x6s9wp5xm,0x375156BB785B1597613B8D8Ba086321910d7Cac3,done,confirmed
4695e2121fa84fd1d7ca41a8f481774bdf383e231cf290f56c6ac734bc018a83,7,7025d05a2ac865912402c7286c9c73d482f1f78a9f9678a7d279994ddd9c6196,0,bc1qdma2gxljejfwz328vrtst5qkjyklcfnnekh5rx,500000000,5.00000000,bc1pmsufx5xuqqsng2zx52nv2u0kkemfsrvkz8q6kju25f78djjaju2swxz9jc,0x268d1127B9f324b6F51F6A2da8dF57963F989286,done,confirmed
4695e2121fa84fd1d7ca41a8f481774bdf383e231cf290f56c6ac734bc018a83,7,87ba4a8398fe2f79df2cc25c3ee0971f77f9275a3e6f9e8f828877694840b0e1,0,bc1qvwj46zsugkdc73rcktppf9l9m7vltmearfudeh,500000000,5.00000000,bc1pxkr5q6w8tatn0l4h2uur2m94c8gkm7ts5s5qnht5efdzj70qs6kqnjeauz,0x9D3C3aa24b2ffE92F6837490DFB05dbc2e8Cc2b9,done,confirmed
